url	first_seen	portal	title	company	status	location	posted_at
https://job-boards.greenhouse.io/phonepe/jobs/7690461003	2026-05-16	greenhouse-api	Product Manager	PhonePe	added	Bengaluru, Karnataka	2026-04-24
https://job-boards.greenhouse.io/phonepe/jobs/7662554003	2026-05-16	greenhouse-api	Senior Product Manager	PhonePe	added	Bengaluru, Karnataka	2026-04-24
https://stripe.com/jobs/search?gh_jid=7561551	2026-05-16	greenhouse-api	Product Manager, Commerce Systems	Stripe	added	SF, SEA, NYC, US - Remote	2026-05-14
https://stripe.com/jobs/search?gh_jid=7392697	2026-05-16	greenhouse-api	Product Manager, Link Consumer Product	Stripe	added	SF, SEA, NY, Remote-US	2026-05-14
https://stripe.com/jobs/search?gh_jid=7176530	2026-05-16	greenhouse-api	Product Manager, Payments	Stripe	added	SF, NY, SEA, Remote-US	2026-05-14
https://stripe.com/jobs/search?gh_jid=7625842	2026-05-16	greenhouse-api	Product Manager, Risk & Compliance	Stripe	added	Bengaluru	2026-05-14
https://stripe.com/jobs/search?gh_jid=6651889	2026-05-16	greenhouse-api	Product Manager, Stripe Infrastructure	Stripe	added	Remote in the US	2026-05-14
https://stripe.com/jobs/search?gh_jid=7913702	2026-05-16	greenhouse-api	Staff Product Manager, Dashboard	Stripe	added	San Francisco, Seattle, NYC, Chicago, Atlanta, US Remote	2026-05-14
https://stripe.com/jobs/search?gh_jid=7812856	2026-05-16	greenhouse-api	Staff Product Manager, Enterprise (Industries) 	Stripe	added	San Francisco, Seattle, New York, Chicago, Atlanta, Remote	2026-05-14
https://stripe.com/jobs/search?gh_jid=7819059	2026-05-16	greenhouse-api	Staff Product Manager, Payments	Stripe	added	SF, SEA, NYC, Remote	2026-05-14
https://job-boards.greenhouse.io/twilio/jobs/7565884	2026-05-16	greenhouse-api	Director, Product Management	Twilio	added	Remote - US	2026-05-11
https://job-boards.greenhouse.io/twilio/jobs/7818178	2026-05-16	greenhouse-api	Staff, Product Manager	Twilio	added	Remote - Canada	2026-05-15
https://job-boards.greenhouse.io/twilio/jobs/7171180	2026-05-16	greenhouse-api	Staff Product Manager - Core Commerce Platform	Twilio	added	Remote - Canada	2026-05-15
https://job-boards.greenhouse.io/twilio/jobs/7918885	2026-05-16	greenhouse-api	Staff Product Manager - Enterprise AI	Twilio	added	Remote - US	2026-05-13
https://jobs.ashbyhq.com/supabase/47282e37-34dc-401d-a1cd-dbe85fdd1c22	2026-05-16	ashby-api	Product Manager - Pricing & Billing	Supabase	added	Remote	2026-03-23
https://job-boards.greenhouse.io/gitlab/jobs/8489126002	2026-05-16	greenhouse-api	Principal Product Manager, Security - GTM	GitLab	added	Remote, Canada; Remote, US	2026-04-30
https://job-boards.greenhouse.io/gitlab/jobs/8512220002	2026-05-16	greenhouse-api	Senior Product Manager, Tenant Scale	GitLab	added	Remote, Canada; Remote, US; Remote, US-Southeast	2026-05-01
https://job-boards.greenhouse.io/gitlab/jobs/8536109002	2026-05-16	greenhouse-api	Staff Product Manager, AI Agent Orchestration	GitLab	added	Remote, US	2026-05-07
https://job-boards.greenhouse.io/gitlab/jobs/8539288002	2026-05-16	greenhouse-api	VP of Product Security 	GitLab	added	Remote, US	2026-05-15
https://pubmatic.com/job/?gh_jid=5148551008	2026-05-16	greenhouse-api	Director, Product Management - Mobile Monetization	PubMatic	added	Gurugram, IN	2026-04-06
https://careers.airbnb.com/positions/7586592?gh_jid=7586592	2026-05-16	greenhouse-api	Lead Advanced Analytics, Digital & AI Products	Airbnb	added	Bangalore, India	2026-04-09
https://www.okta.com/company/careers/opportunity/7254769?gh_jid=7254769	2026-05-16	greenhouse-api	Sr. Product Manager, Identity Management	Okta	added	Bengaluru, India	2026-05-13
https://www.okta.com/company/careers/opportunity/7633452?gh_jid=7633452	2026-05-16	greenhouse-api	Staff Product Manager, AI & Automation Platforms	Okta	added	Bengaluru, India	2026-05-06
https://jobs.ashbyhq.com/rasa/a80e960f-ea30-413b-b79d-c37a7df4c658	2026-05-16	ashby-api	Senior Product Manager - Infrastructure	Rasa	added	Remote - Germany	2026-02-24
https://www.mongodb.com/careers/job/?gh_jid=7851080	2026-05-16	greenhouse-api	Senior Product Manager	MongoDB	added	Gurugram	2026-05-11
https://www.mongodb.com/careers/job/?gh_jid=7922824	2026-05-16	greenhouse-api	Staff Product Manager	MongoDB	added	India	2026-05-15
https://jobs.lever.co/meesho/3b6ea0f7-cde7-4034-a862-232a177a4c95	2026-05-16	lever-api	Product Manager I	Meesho	added	Bangalore, Karnataka	2026-05-11
https://job-boards.greenhouse.io/twilio/jobs/7821526	2026-05-16	greenhouse-api	Staff, Product Manager	Twilio	added	Remote - US	2026-05-15
https://pubmatic.com/job/?gh_jid=5148544008	2026-05-16	greenhouse-api	Director, Product Management - Mobile Monetization	PubMatic	added	Pune, IN	2026-04-06
https://jobs.ashbyhq.com/close/4834bc88-f1bb-423e-8b4b-7082df292c3f	2026-05-16	ashby-api	Staff Product Manager, Growth (Monetization) (USA Only - 100% Remote)	Close	added	USA - Remote	2026-05-08
https://jobs.ashbyhq.com/lumos/1220dfcc-cd8c-4683-a590-f1067c4d3284	2026-05-16	ashby-api	Product Manager, Integrations	Lumos	added	Remote - US/Canada	2026-05-07
https://job-boards.eu.greenhouse.io/sportygroup/jobs/4748864101	2026-05-16	greenhouse-api	Product Manager	Sporty Group	added	Mexico - Remote	2026-05-05
https://job-boards.eu.greenhouse.io/sportygroup/jobs/4729609101	2026-05-16	greenhouse-api	Product Manager- Sporty Games UK	Sporty Group	added	UK - Remote	2026-05-05
https://job-boards.greenhouse.io/glance/jobs/7845760	2026-05-16	greenhouse-api	Product Manager - TV Shopping	Glance	added	Bangalore	2026-04-23
https://job-boards.greenhouse.io/glance/jobs/7585549	2026-05-16	greenhouse-api	Senior Product Manager- TV Platform & Partner Integrations	Glance	added	Bengaluru	2026-04-22
https://jobs.ashbyhq.com/sarvam/9e197c29-5164-42eb-8e74-4f691a794517	2026-05-16	ashby-api	Product Manager (Models)	Sarvam AI	added	Bengaluru	2026-04-17
https://jobs.ashbyhq.com/sarvam/c4bb3b2c-7608-4d57-8761-650b4222ac13	2026-05-16	ashby-api	Product Manager	Sarvam AI	added	Bengaluru	2026-04-17
https://jobs.ashbyhq.com/sarvam/f462051e-ec76-45cf-96c5-e0192dd4dcc6	2026-05-16	ashby-api	Product Manager On-Device & Edge AI	Sarvam AI	added	Bengaluru	2026-05-12
https://jobs.ashbyhq.com/pearl/c806304c-9b6f-4b8b-8561-609ea43e53ae	2026-05-16	ashby-api	Principal Product Manager	Pearl	added	United States - Remote	2026-04-15
https://jobs.ashbyhq.com/reflexai/739dd656-cc41-47fa-b259-6ee69b96c936	2026-05-16	ashby-api	Sr. Product Manager	ReflexAI	added	Remote	2026-05-05
https://www.highradius.com/about/careers-list/?gh_jid=7718212003	2026-05-16	greenhouse-api	Agent Product Builder	HighRadius	added	Hyderabad, Telangana, India	2026-05-11
https://www.highradius.com/about/careers-list/?gh_jid=7620165003	2026-05-16	greenhouse-api	Product Manager	HighRadius	added	Hyderabad, Telangana, India	2026-05-07
https://www.highradius.com/about/careers-list/?gh_jid=7707536003	2026-05-16	greenhouse-api	Senior Product Manager	HighRadius	added	Hyderabad, Telangana, India	2026-05-07
https://job-boards.greenhouse.io/zenoti/jobs/7514080003	2026-05-16	greenhouse-api	Director, Product Management (SaaS B2B)	Zenoti	added	Hyderabad, Telangana, India	2026-05-11
https://job-boards.greenhouse.io/zenoti/jobs/7730069003	2026-05-16	greenhouse-api	Lead Product Manager - Accounting Integrations	Zenoti	added	Hyderabad, Telangana, India	2026-05-11
https://job-boards.greenhouse.io/zenoti/jobs/7589589003	2026-05-16	greenhouse-api	Lead Product Manager (APIs + Partner Ecosystem)	Zenoti	added	Hyderabad, Telangana, India	2026-05-11
https://job-boards.greenhouse.io/zenoti/jobs/7514083003	2026-05-16	greenhouse-api	Lead Product Manager (Marketplace + Billing)	Zenoti	added	Hyderabad, Telangana, India	2026-05-11
https://job-boards.greenhouse.io/zenoti/jobs/6275932003	2026-05-16	greenhouse-api	Lead Product Manager (Product B2B SaaS)	Zenoti	added	Hyderabad, Telangana, India	2026-05-11
https://job-boards.greenhouse.io/zenoti/jobs/7729933003	2026-05-16	greenhouse-api	Senior Manager - Product Management (AI Workflows)	Zenoti	added	Hyderabad, Telangana, India	2026-05-11
https://job-boards.greenhouse.io/zenoti/jobs/7513859003	2026-05-16	greenhouse-api	Senior Manager - Product Management (Payments/Fintech)	Zenoti	added	Hyderabad, Telangana, India	2026-01-14
https://jobs.lever.co/mindtickle/b96342a2-a4a5-4281-8ccf-324b28a2e962	2026-05-16	lever-api	Group Product Manager	MindTickle	added	Bengaluru, Karnataka	2025-10-31
https://jobs.lever.co/mindtickle/e55245fd-983c-4564-9b3f-491b7d16b8e8	2026-05-16	lever-api	Senior Product Manager	MindTickle	added	Bengaluru, Karnataka	2025-06-12
https://jobs.lever.co/mindtickle/37ce31ba-9a5b-4890-a06a-8d0edacee7cc	2026-05-16	lever-api	Technical Product Owner - II	MindTickle	added	Pune, Maharashtra	2026-01-12
https://jobs.lever.co/mindtickle/26a82fb8-52a1-4526-997a-3c62eec4afa6	2026-05-16	lever-api	Technical Product Owner - II (Devops)	MindTickle	added	Pune, Maharashtra	2025-08-05
https://job-boards.greenhouse.io/zenoti/jobs/6083519003	2026-05-16	greenhouse-api	Senior Manager - Product Management (AI Workflows)	Zenoti	added	Hyderabad, Telangana, India	2026-05-11
https://job-boards.greenhouse.io/learneo/jobs/7626200	2026-05-16	greenhouse-api	Senior Product Manager, Design Tools	Learneo	added	India - Remote	2026-04-23
https://job-boards.greenhouse.io/smartsheet/jobs/7386364	2026-05-16	greenhouse-api	Product Manager II (Remote from Bulgaria)	Smartsheet	added	 -REMOTE, BULGARIA-	2026-05-12
https://job-boards.greenhouse.io/smartsheet/jobs/7833978	2026-05-16	greenhouse-api	Senior Product Manager - Applied AI (Remote Eligible)	Smartsheet	added	 -REMOTE, USA-	2026-05-12
https://job-boards.greenhouse.io/smartsheet/jobs/7746709	2026-05-16	greenhouse-api	Sr, Product Manager II - Gantt View (Hybrid in Bangalore)	Smartsheet	added	Bangalore, INDIA	2026-05-14
https://job-boards.greenhouse.io/conga/jobs/5112515007	2026-05-16	greenhouse-api	Principal Product Manager	Conga	added	India - Bangalore	2026-05-04
https://job-boards.greenhouse.io/conga/jobs/4944608007	2026-05-16	greenhouse-api	Senior Product Manager	Conga	added	India - Bangalore	2026-04-30
https://job-boards.greenhouse.io/conga/jobs/5128604007	2026-05-16	greenhouse-api	Senior Technical Product Owner	Conga	added	India - Bangalore	2026-05-12
https://job-boards.greenhouse.io/conga/jobs/4944622007	2026-05-16	greenhouse-api	Staff Product Manager	Conga	added	India - Bangalore	2026-04-30
https://job-boards.greenhouse.io/sumologic/jobs/7618459	2026-05-16	greenhouse-api	Senior Product Manager 	Sumo Logic	added	Bangalore, Karnataka, India	2026-03-23
https://job-boards.greenhouse.io/sumologic/jobs/7808591	2026-05-16	greenhouse-api	Senior Product Manager II - SecOps	Sumo Logic	added	United States or Canada (100% remote)	2026-05-12
https://job-boards.greenhouse.io/quillbot/jobs/7590173	2026-05-16	greenhouse-api	Senior Product Manager, Design Tools	QuillBot	added	India - Remote	2026-04-23
https://jobs.ashbyhq.com/bureau/660a0bbc-d266-4b9b-b3e1-c93310562555	2026-05-16	ashby-api	Product Manager (Transaction Monitoring)	Bureau	added	Bangalore	2026-01-28
https://job-boards.greenhouse.io/conga/jobs/5121467007	2026-05-16	greenhouse-api	Principal Product Manager	Conga	added	India - Bangalore	2026-05-11
https://job-boards.greenhouse.io/sumologic/jobs/7580284	2026-05-16	greenhouse-api	Senior Product Manager 	Sumo Logic	added	Noida, Uttar Pradesh, India	2026-03-23
https://www.instahyre.com/job-424582-principal-product-manager-at-greyorange-2-gurgaon/	2026-05-16	instahyre-api	Principal Product Manager	GreyOrange	added	Gurgaon	
https://www.instahyre.com/job-422640-group-product-manager-at-deutsche-telekom-digital-labs-gurgaon/	2026-05-16	instahyre-api	Group Product Manager	Deutsche Telekom Digital Labs	added	Gurgaon	
https://www.instahyre.com/job-424632-senior-product-manager-at-mygate-bangalore/	2026-05-16	instahyre-api	Senior Product Manager	myGate	added	Bangalore	
https://www.instahyre.com/job-424686-product-manager-at-the-dataflow-group-bangalore/	2026-05-16	instahyre-api	Product Manager	The DataFlow Group	added	Bangalore	
https://www.instahyre.com/job-424156-product-manager-at-agrim-wholesale-gurgaon/	2026-05-16	instahyre-api	Product Manager	Agrim Wholesale	added	Gurgaon	
https://www.instahyre.com/job-416437-product-manager-at-payu-bangalore-gurgaon/	2026-05-16	instahyre-api	Product Manager	PayU	added	Bangalore,Gurgaon	
https://www.instahyre.com/job-157380-product-manager-at-valeo-bangalore/	2026-05-16	instahyre-api	Product Manager	Valeo	added	Bangalore	
https://www.instahyre.com/job-412077-product-manager-at-increff-bangalore/	2026-05-16	instahyre-api	Product Manager	Increff	added	Bangalore	
https://www.instahyre.com/job-403333-product-manager-at-aftershoot-delhi/	2026-05-16	instahyre-api	Product Manager	Aftershoot	added	Delhi	
https://www.instahyre.com/job-407294-senior-technical-product-manager-at-jfrog-bangalore/	2026-05-16	instahyre-api	Senior Technical Product Manager	JFrog	added	Bangalore	
https://www.instahyre.com/job-420995-associate-product-manager-at-spinny-2-gurgaon/	2026-05-16	instahyre-api	Associate Product Manager	Spinny	added	Gurgaon	
https://www.instahyre.com/job-423480-product-manager-at-ramsoft-bangalore-canada/	2026-05-16	instahyre-api	Product Manager	RamSoft	added	Bangalore,Canada	
https://www.instahyre.com/job-424600-product-manager-at-oneshot-ai-noida/	2026-05-16	instahyre-api	Product Manager	OneShot AI	added	Noida	
https://www.instahyre.com/job-167584-product-manager-at-onsite-2-bangalore/	2026-05-16	instahyre-api	Product Manager	Onsite	added	Bangalore	
https://www.instahyre.com/job-418067-senior-product-manager-at-khatabook-bangalore/	2026-05-16	instahyre-api	Senior Product Manager	Khatabook	added	Bangalore	
https://www.instahyre.com/job-424692-leading-associate-vice-president-product-owner-at-ansrsource-hyderabad/	2026-05-16	instahyre-api	Leading Associate Vice President - Product Owner	Ansrsource	added	Hyderabad	
https://www.instahyre.com/job-424678-principal-product-manager-at-greyorange-2-gurgaon/	2026-05-16	instahyre-api	Principal Product Manager	GreyOrange	added	Gurgaon	
https://www.instahyre.com/job-424560-senior-product-manager-at-greyorange-2-gurgaon/	2026-05-16	instahyre-api	Senior Product Manager	GreyOrange	added	Gurgaon	
https://www.instahyre.com/job-424868-senior-product-manager-at-nanonets-bangalore/	2026-05-16	instahyre-api	Senior Product Manager	Nanonets	added	Bangalore	
https://www.instahyre.com/job-422242-product-manager-at-moonfrog-labs-bangalore/	2026-05-16	instahyre-api	Product Manager	Moonfrog Labs	added	Bangalore	
https://www.instahyre.com/job-424742-product-manager-at-creditmitra-hyderabad/	2026-05-16	instahyre-api	Product Manager	CreditMitra	added	Hyderabad	
https://www.instahyre.com/job-424483-product-manager-at-big-assets-infra-noida/	2026-05-16	instahyre-api	Product Manager	Big Assets Infra	added	Noida	
https://www.instahyre.com/job-420882-sr-product-manager-at-tamasha-bangalore/	2026-05-16	instahyre-api	Sr. Product Manager	Tamasha	added	Bangalore	
https://www.instahyre.com/job-422571-senior-product-manager-ai-at-scispace-bangalore/	2026-05-16	instahyre-api	Senior Product Manager - AI	SciSpace	added	Bangalore	
https://www.instahyre.com/job-424100-group-product-manager-at-deutsche-telekom-digital-labs-gurgaon/	2026-05-16	instahyre-api	Group Product Manager	Deutsche Telekom Digital Labs	added	Gurgaon	
https://www.instahyre.com/job-422780-product-manager-at-deutsche-telekom-digital-labs-gurgaon/	2026-05-16	instahyre-api	Product Manager	Deutsche Telekom Digital Labs	added	Gurgaon	
https://www.instahyre.com/job-424498-product-owner-at-raha-hyderabad/	2026-05-16	instahyre-api	Product Owner	Raha	added	Hyderabad	
https://www.instahyre.com/job-413993-senior-product-analytics-at-spinny-2-gurgaon/	2026-05-16	instahyre-api	Senior Product Analytics	Spinny	added	Gurgaon	
https://www.instahyre.com/job-420586-product-manager-at-aris-infra-bangalore/	2026-05-16	instahyre-api	Product Manager	Aris Infra	added	Bangalore	
https://www.instahyre.com/job-416738-senior-product-manager-at-cimet-gurgaon/	2026-05-16	instahyre-api	Senior Product Manager	CIMET	added	Gurgaon	
https://www.instahyre.com/job-423855-associate-product-manager-at-birla-pivot-bangalore/	2026-05-16	instahyre-api	Associate Product Manager	Birla Pivot	added	Bangalore	
https://www.instahyre.com/job-423054-lead-product-manager-at-lucio-bangalore/	2026-05-16	instahyre-api	Lead Product Manager	Lucio	added	Bangalore	
https://www.instahyre.com/job-202702-senior-product-manager-at-zolve-2-bangalore/	2026-05-16	instahyre-api	Senior Product Manager	Zolve	added	Bangalore	
https://www.instahyre.com/job-414133-product-manager-at-moveworks-bangalore/	2026-05-16	instahyre-api	Product Manager	Moveworks	added	Bangalore	
https://www.instahyre.com/job-424840-product-manager-at-nowpurchase-kolkata/	2026-05-16	instahyre-api	Product Manager	NowPurchase	added	Kolkata	
https://www.instahyre.com/job-420991-product-manager-at-spinny-2-gurgaon/	2026-05-16	instahyre-api	Product Manager	Spinny	added	Gurgaon	
https://www.instahyre.com/job-421954-principal-product-manager-at-clari-bangalore/	2026-05-16	instahyre-api	Principal Product Manager	Clari	added	Bangalore	
https://www.instahyre.com/job-420276-associate-product-manager-at-risa-labs-bangalore/	2026-05-16	instahyre-api	Associate Product Manager	RISA Labs	added	Bangalore	
https://www.instahyre.com/job-416438-senior-product-manager-at-payu-bangalore-gurgaon/	2026-05-16	instahyre-api	Senior Product Manager	PayU	added	Bangalore,Gurgaon	
https://www.instahyre.com/job-396087-senior-product-manager-at-akamai-bangalore/	2026-05-16	instahyre-api	Senior Product Manager	Akamai	added	Bangalore	
https://www.instahyre.com/job-327491-product-manager-at-allen-digital-bangalore/	2026-05-16	instahyre-api	Product Manager	ALLEN Digital	added	Bangalore	
https://www.instahyre.com/job-422319-sr-product-manager-template-library-at-highlevel-work-from-home/	2026-05-16	instahyre-api	Sr. Product Manager - Template Library	HighLevel	added	Work From Home	
https://www.instahyre.com/job-402799-senior-product-manager-ai-service-at-keka-hr-bangalore/	2026-05-16	instahyre-api	Senior Product Manager - AI Service	Keka HR	added	Bangalore	
https://www.instahyre.com/job-418819-product-manager-at-peeko-bangalore/	2026-05-16	instahyre-api	Product Manager	Peeko	added	Bangalore	
https://job-boards.greenhouse.io/nanonets/jobs/5116804008	2026-05-17	greenhouse-api	AI Product Generalist 	Nanonets	added	Gurugram	2026-05-05
https://job-boards.greenhouse.io/nanonets/jobs/5058002008	2026-05-17	greenhouse-api	Product Manager 	Nanonets	added	Bengaluru	2026-03-05
https://job-boards.eu.greenhouse.io/risalabs/jobs/4751825101	2026-05-17	greenhouse-api	Associate Product Manager	RISA Labs	added	Bangalore, India	2026-01-27
https://join.jfrog.com/job/?job=7480148&gh_jid=7480148	2026-05-17	greenhouse-api	Senior Technical Product Manager	JFrog	added	Bangalore	2026-05-11
https://join.jfrog.com/job/?job=6638800&gh_jid=6638800	2026-05-17	greenhouse-api	Technical Product Manager	JFrog	added	Bengaluru	2026-05-12
https://www.instahyre.com/job-422753-group-product-manager-at-deutsche-telekom-digital-labs-gurgaon/	2026-05-17	instahyre-api	Group Product Manager	Deutsche Telekom Digital Labs	added	Gurgaon	
https://www.instahyre.com/job-424561-principal-product-manager-at-greyorange-2-gurgaon/	2026-05-17	instahyre-api	Principal Product Manager	GreyOrange	added	Gurgaon	
https://www.instahyre.com/job-424858-associate-product-manager-at-urban-harvest-delhi/	2026-05-17	instahyre-api	Associate Product Manager	Urban Harvest	added	Delhi	
https://www.instahyre.com/job-404641-product-manager-at-myntra-3-bangalore/	2026-05-17	instahyre-api	Product Manager	Myntra	added	Bangalore	
https://www.instahyre.com/job-424334-sr-product-manager-at-tamasha-bangalore/	2026-05-17	instahyre-api	Sr. Product Manager	Tamasha	added	Bangalore	
https://www.instahyre.com/job-422481-group-product-manager-at-deutsche-telekom-digital-labs-gurgaon/	2026-05-17	instahyre-api	Group Product Manager	Deutsche Telekom Digital Labs	added	Gurgaon	
https://www.instahyre.com/job-424894-head-of-product-design-at-openfx-bangalore/	2026-05-17	instahyre-api	Head of Product Design	OpenFX	added	Bangalore	
https://job-boards.greenhouse.io/newrelic/jobs/5211229008	2026-05-17	greenhouse-api	Principal Product Manager	New Relic	added	Hyderabad, India	2026-05-14
https://job-boards.greenhouse.io/newrelic/jobs/5211232008	2026-05-17	greenhouse-api	R0000564 - Principal Product Manager	New Relic	added	Hyderabad, India	2026-05-15
https://job-boards.greenhouse.io/newrelic/jobs/5171026008	2026-05-17	greenhouse-api	Senior Product Manager	New Relic	added	Hyderabad, India	2026-05-05
https://job-boards.greenhouse.io/newrelic/jobs/4944794008	2026-05-17	greenhouse-api	Senior Product Manager - R115	New Relic	added	Hyderabad, India	2026-04-13
https://job-boards.greenhouse.io/tekion/jobs/6317217003	2026-05-17	greenhouse-api	Director, GTM Product Management	Tekion Corp	added	Bengaluru, Karnataka, India	2026-05-14
https://job-boards.greenhouse.io/tekion/jobs/7651163003	2026-05-17	greenhouse-api	Senior Product Manager	Tekion Corp	added	Bengaluru, Karnataka, India	2026-05-12
https://job-boards.greenhouse.io/tekion/jobs/7650947003	2026-05-17	greenhouse-api	Staff Product Manager	Tekion Corp	added	Chennai, Tamil Nadu, India	2026-05-12
https://job-boards.greenhouse.io/openfx/jobs/5121568008	2026-05-17	greenhouse-api	Head of Product Design	OpenFX	added	Miami (USA), London (UK), Dubai (UAE), Bengaluru (India)	2026-04-02
https://job-boards.greenhouse.io/openfx/jobs/4925597008	2026-05-17	greenhouse-api	Product Manager, API	OpenFX	added	Miami (USA), London (UK), Dubai (UAE), Bengaluru (India)	2026-05-17
https://job-boards.greenhouse.io/openfx/jobs/5071725008	2026-05-17	greenhouse-api	Product Manager, Payments	OpenFX	added	Miami (USA), London (UK), Dubai (UAE), Bengaluru (India)	2026-04-02
https://jobs.ashbyhq.com/confluent/2966b333-863b-4620-b0f5-220fafe76958	2026-05-17	ashby-api	Staff Product Manager, Confluent Cloud Kafka	Confluent	added	Remote, Ontario, Canada	2026-02-23
https://jobs.ashbyhq.com/confluent/c3fd5156-d339-4082-b6bd-2aba8b404188	2026-05-17	ashby-api	Senior Product Manager – Pricing & Monetization	Confluent	added	IN Office Bangalore	2026-05-06
https://jobs.ashbyhq.com/confluent/f60bba87-9470-4238-bf6f-dce1b4da8006	2026-05-17	ashby-api	Senior Product Manager, Cluster Linking	Confluent	added	Remote, Ontario, Canada	2026-02-17
https://jobs.ashbyhq.com/confluent/21082b9f-440a-4ba6-a469-c70d339d1aa9	2026-05-17	ashby-api	Staff Product Manager, Kafka Connect	Confluent	added	Remote, United States	2026-02-24
https://jobs.ashbyhq.com/confluent/1946b144-eaa5-482f-b235-63cc06104ecc	2026-05-17	ashby-api	Senior Product Manager, Cloud Networking 	Confluent	added	Remote, United States	2026-02-27
https://jobs.ashbyhq.com/confluent/9f49b470-2f9c-42c0-a7cb-2aabeb669da8	2026-05-17	ashby-api	Staff Product Manager, Flink Cloud Platform	Confluent	added	Remote, United States	2026-02-26
https://jobs.ashbyhq.com/confluent/dc52dfa1-1649-442c-9344-609b8f01ed4b	2026-05-17	ashby-api	Senior Product Manager, Cloud Networking	Confluent	added	Remote, United States	2026-04-17
https://jobs.ashbyhq.com/confluent/81b94a4e-53d3-40d5-9c04-af57bd01961c	2026-05-17	ashby-api	Staff Product Manager, Real Time Data Analytics Platform 	Confluent	added	Remote, United States	2026-04-30
https://jobs.ashbyhq.com/aios/e0971cdd-b061-4530-ae6e-d45d58714529	2026-05-17	ashby-api	Head of Product Growth (Referrals & Viral Loops) at AIOS — Remote, $200k-$400k/yr + 0.15%-0.50%	AIOS	added	Remote (US or European timezones)	2026-05-15
https://jobs.ashbyhq.com/aios/3e414401-8ca6-47bf-90f7-35aa4dec9d95	2026-05-17	ashby-api	Head of Product Design at AIOS — Remote, $125k-250k/yr inc equity	AIOS	added	Remote (US or European timezones)	2026-05-11
https://jobs.lever.co/nium/78af3df0-9ee6-43f4-85d4-e4eabfa2d576	2026-05-17	lever-api	Sr. Product Manager	Nium	added	Bangalore	2025-11-18
https://jobs.lever.co/nium/c1bdb6eb-2ee5-410d-aa96-985401fa57b9	2026-05-17	lever-api	Staff Product Manager	Nium	added	Bangalore	2026-03-12
https://jobs.lever.co/acceldata/f4243124-48cd-48a8-919f-edc8c7c0722d	2026-05-17	lever-api	Senior Product Manager	Acceldata	added	Bengaluru	2024-06-11
https://www.rubrik.com/company/careers/departments/job.7634214?gh_jid=7634214	2026-05-18	greenhouse-api	Senior Product Manager-Data Discovery & Classification	Rubrik	added	Bangalore, India	2026-05-06
https://www.rubrik.com/company/careers/departments/job.7540806?gh_jid=7540806	2026-05-18	greenhouse-api	Staff Product Manager-Cloud Data Protection	Rubrik	added	Bangalore, India	2026-05-06
https://www.rubrik.com/company/careers/departments/job.7508965?gh_jid=7508965	2026-05-18	greenhouse-api	Technical Product Manager	Rubrik	added	Bangalore 	2026-05-12
https://job-boards.eu.greenhouse.io/valtech/jobs/4746289101	2026-05-18	greenhouse-api	Product Owner - Connected Cars	Valtech	added	Ahmedabad	2026-01-23
https://www.inovalon.com/careers/job/?gh_jid=7664343003	2026-05-18	greenhouse-api	Senior Product Manager (RWD)	Inovalon	added	Remote- United States	2026-04-20
https://www.inovalon.com/careers/job/?gh_jid=7733443003	2026-05-18	greenhouse-api	VP, Product Management 	Inovalon	added	Remote- United States	2026-05-15
https://job-boards.greenhouse.io/sumologic/jobs/7927074	2026-05-18	greenhouse-api	Senior Product Manager I	Sumo Logic	added	Noida, Uttar Pradesh, India	2026-05-18
https://jobs.lever.co/clari/2109d11d-058b-4cff-9946-3accaaef1f15	2026-05-18	lever-api	Senior Product Manager - Data and Analytics	Clari	added	Bengaluru, India	2026-04-16
https://job-boards.greenhouse.io/sumologic/jobs/7927113	2026-05-19	greenhouse-api	Product Manager	Sumo Logic	added	Bangalore, Karnataka, India	2026-05-19
https://job-boards.greenhouse.io/smartsheet/jobs/7941950	2026-05-19	greenhouse-api	Sr. Product Manager, Audit & History (Hybrid, Bangalore)	Smartsheet	added	Bangalore, INDIA	2026-05-19
https://www.highradius.com/about/careers-list/?gh_jid=7719385003	2026-05-19	greenhouse-api	Senior Product Manager	HighRadius	added	Hyderabad, Telangana, India	2026-05-19
https://jobs.lever.co/jobgether/53bd180d-ad90-4bf0-a652-3691ebf190a2	2026-05-19	lever-api	AI Product Manager	Jobgether	added	India	2026-05-12
https://jobs.lever.co/jobgether/9e0ec451-8d5a-4f17-95e2-afd9cf55f2f5	2026-05-19	lever-api	Operations Product Manager (Sport) (Remote from India)	Jobgether	added	India	2026-05-19
https://jobs.lever.co/jobgether/42195087-d80a-42ae-9284-8869ecd1b2ea	2026-05-19	lever-api	Technical Product Manager QVAC	Jobgether	added	India	2026-05-13
https://www.highradius.com/about/careers-list/?gh_jid=7589664003	2026-05-19	greenhouse-api	Senior Product Manager	HighRadius	added	Hyderabad, Telangana, India	2026-05-19
https://job-boards.greenhouse.io/sumologic/jobs/7927112	2026-05-19	greenhouse-api	Product Manager	Sumo Logic	added	Noida, Uttar Pradesh, India	2026-05-19
https://stripe.com/jobs/search?gh_jid=7809139	2026-05-20	greenhouse-api	Product Manager, Growth AI Outreach Motion 	Stripe	added	Toronto, Remote- Canada	2026-05-19
https://jobs.ashbyhq.com/confluent/e70deb8a-3308-49dd-b9c7-b537333c5645	2026-05-20	ashby-api	Staff Product Manager, Cloud Networking 	Confluent	added	Remote, United States	2026-05-15
https://job-boards.greenhouse.io/anaplan/jobs/8388068002	2026-05-20	greenhouse-api	Anaplan Model Builder	Anaplan	added	Gurugram, India	2026-04-30
https://job-boards.greenhouse.io/anaplan/jobs/8504843002	2026-05-20	greenhouse-api	Director Product Manager, Applications (FP&A)	Anaplan	added	Pennsylvania-Remote, United States	2026-05-19
https://job-boards.greenhouse.io/anaplan/jobs/8535252002	2026-05-20	greenhouse-api	Product Owner-Administration and Permission Management	Anaplan	added	Gurugram, India	2026-05-18
https://job-boards.greenhouse.io/anaplan/jobs/8535251002	2026-05-20	greenhouse-api	Product Owner-Anaplan Data Hub/Analytics	Anaplan	added	Gurugram	2026-05-18
https://job-boards.greenhouse.io/anaplan/jobs/8535253002	2026-05-20	greenhouse-api	Product Owner-Identity	Anaplan	added	Gurugram, India	2026-05-18
https://job-boards.greenhouse.io/anaplan/jobs/8538804002	2026-05-20	greenhouse-api	Senior Manager-Product Management	Anaplan	added	Gurugram	2026-05-18
https://job-boards.greenhouse.io/anaplan/jobs/8525847002	2026-05-20	greenhouse-api	Senior Product Manager	Anaplan	added	Gurugram, India	2026-04-30
https://job-boards.greenhouse.io/zinnia/jobs/4680884006	2026-05-20	greenhouse-api	Product Manager II (Technical) - Compliance Workflow Automation	Zinnia	added	Pune, Maharashtra, India	2026-05-19
https://job-boards.greenhouse.io/zinnia/jobs/4639087006	2026-05-20	greenhouse-api	Product Manager (Technical)	Zinnia	added	Hyderabad	2026-05-18
https://job-boards.greenhouse.io/zinnia/jobs/4654195006	2026-05-20	greenhouse-api	Senior Product Manager (Technical)	Zinnia	added	Pune, Maharashtra, India	2026-05-06
https://job-boards.greenhouse.io/zinnia/jobs/4682509006	2026-05-20	greenhouse-api	Senior Product Manager (Technical) - Case Management	Zinnia	added	Noida, Uttar Pradesh, India	2026-05-18
https://job-boards.greenhouse.io/capco/jobs/7892716	2026-05-20	greenhouse-api	Azure Product Manager 	Capco	added	India - Bengaluru	2026-05-06
https://job-boards.greenhouse.io/capco/jobs/7621525	2026-05-20	greenhouse-api	LEA Product Manager	Capco	added	India - Pune	2026-02-17
https://job-boards.greenhouse.io/capco/jobs/7850996	2026-05-20	greenhouse-api	Product Manager - DB	Capco	added	India - Bengaluru	2026-04-28
https://job-boards.greenhouse.io/capco/jobs/7823972	2026-05-20	greenhouse-api	Product Owner-Payments	Capco	added	India - Bengaluru	2026-04-27
https://job-boards.greenhouse.io/capco/jobs/7621537	2026-05-20	greenhouse-api	VACE Product Manager	Capco	added	India - Pune	2026-05-11
https://hginsights.com/hg-insights-careers/current-opportunities/?gh_jid=7692871003	2026-05-20	greenhouse-api	Principal Product Manager, Platform	HG Insights	added	Bengaluru, Karnataka, India; Brazil ; Mumbai, Maharashtra, India; Pune, Maharashtra, India; Remote (US)	2026-05-07
https://hginsights.com/hg-insights-careers/current-opportunities/?gh_jid=7538183003	2026-05-20	greenhouse-api	Senior Product Manager	HG Insights	added	Pune, Maharashtra, India	2026-02-08
https://jobs.ashbyhq.com/telus-digital/732c9470-5dbe-4707-890b-30c3ebc374fb	2026-05-20	ashby-api	Senior Account Executive, AGI/GenAI Builders	TELUS Digital	added	Remote, US	2026-04-06
https://jobs.ashbyhq.com/telus-digital/72ae0662-ba8d-45aa-9ea0-b79aa51e6be9	2026-05-20	ashby-api	Strategy & Product Owner Conversational AI (Non-Technical)	TELUS Digital	added	Remote, British Columbia	2026-05-06
https://job-boards.eu.greenhouse.io/groww/jobs/4707429101	2026-05-21	greenhouse-api	Associate Product Manager	Groww	added	Bengaluru, India	2026-05-20
https://job-boards.greenhouse.io/anaplan/jobs/8365829002	2026-05-21	greenhouse-api	Anaplan Model Builder	Anaplan	added	Gurugram, India	2026-04-30
https://job-boards.greenhouse.io/anaplan/jobs/8552018002	2026-05-21	greenhouse-api	Product Owner	Anaplan	added	India - Remote	2026-05-21
https://job-boards.greenhouse.io/anaplan/jobs/8533377002	2026-05-21	greenhouse-api	Senior Product Manager	Anaplan	added	Gurugram	2026-05-18
https://job-boards.greenhouse.io/anaplan/jobs/8525842002	2026-05-21	greenhouse-api	Senior Product Manager-3rd Party Integration (Informatica, Mulesoft, PowerBI etc) 	Anaplan	added	Gurugram, India	2026-05-21
https://job-boards.greenhouse.io/appian/jobs/7748642	2026-05-21	greenhouse-api	Product Manager II - Cloud Infrastructure	Appian	added	Chennai, India	2026-05-20
https://job-boards.greenhouse.io/appian/jobs/7735561	2026-05-21	greenhouse-api	Senior Product Manager - API's	Appian	added	Chennai, India	2026-05-20
https://jobs.ashbyhq.com/josys/6f88d5de-acdb-42c9-9c7b-da2a3c916b05	2026-05-21	ashby-api	Senior Product Manager	Josys	added	Bangalore Office	2026-04-01
https://www.storable.com/about-us/culture/careers/?gh_jid=5826419004	2026-05-21	greenhouse-api	Product Manager	Storable	added	Hyderabad, Telangana, India	2026-05-13
https://jobs.ashbyhq.com/ema/74540ab2-9782-476f-ad0d-78cc2e7717ed	2026-05-21	ashby-api	Product Manager	Ema	added	India - Bengaluru	2024-10-23
https://jobs.lever.co/tandems/be4d74b7-a068-4c2f-b9d2-d53b442c30d5	2026-05-21	lever-api	Senior Product Manager	Tandems	added	Noida	2025-12-02
https://jobs.lever.co/jobgether/f7e0c5a9-f0a2-48b0-a24f-a0bdb8f105d1	2026-05-21	lever-api	Product Owner	Jobgether	added	India	2026-05-20
https://jobs.lever.co/jobgether/09ff7946-b0da-4f2e-b7ef-a191e1e1c356	2026-05-21	lever-api	Sr. Technical Product Manager	Jobgether	added	India	2026-05-21
https://job-boards.greenhouse.io/phonepe/jobs/7735149003	2026-05-27	greenhouse-api	AI Production Lead	PhonePe	added	Bangalore	2026-05-22
https://job-boards.greenhouse.io/hackerrank/jobs/7650215	2026-05-27	greenhouse-api	Principal Product Manager 	HackerRank	added	Hybrid in Bangalore, India	2026-05-26
https://jobs.ashbyhq.com/sarvam/929e2e12-7a2f-4e28-9d27-f220910b2125	2026-05-27	ashby-api	Product Manager, Growth	Sarvam AI	added	Bengaluru	2026-05-25
https://jobs.ashbyhq.com/sarvam/6390e602-7b98-4700-baa9-ced5be8b1651	2026-05-27	ashby-api	Product Manager, Monetization & Retention	Sarvam AI	added	Bengaluru	2026-05-25
https://jobs.lever.co/meesho/58d87507-0cbb-4db7-a4eb-fd8f9ec353f4	2026-05-27	lever-api	Product Manager I - Fulfillment	Meesho	added	Bangalore, Karnataka	2024-04-30
https://job-boards.greenhouse.io/smartsheet/jobs/7951915	2026-05-27	greenhouse-api	Product Manager II - Growth (Remote Eligible)	Smartsheet	added	 -REMOTE, USA-	2026-05-22
https://job-boards.greenhouse.io/anaplan/jobs/8535257002	2026-05-27	greenhouse-api	Product Owner-Anaplan Connect	Anaplan	added	Gurugram	2026-05-22
https://jobs.lever.co/jobgether/ec7111f8-0459-4546-bc18-b27681868f58	2026-05-27	lever-api	Senior Technical Product Manager	Jobgether	added	India	2026-05-26
https://api.smartrecruiters.com/v1/companies/ixigo/postings/744000128191241	2026-05-27	smartrecruiters-api	Associate Product Manager 	ixigo	added	Gurugram, in	2026-05-25
https://apply.workable.com/j/67B4C0793B	2026-05-27	workable-api	Senior Product Manager - PLG	Wati	added	chennai, India	2026-04-12
https://apply.workable.com/j/0054C594F5	2026-05-27	workable-api	Senior Product Manager/Product Manager - Platform	Wati	added	Bengaluru, India	2026-04-23
https://apply.workable.com/j/99F31A2507	2026-05-27	workable-api	Staff/ Lead Product Manager	Wati	added	Bengaluru, India	2025-10-02
https://job-boards.greenhouse.io/scopely/jobs/5205960008	2026-05-27	greenhouse-api	Head of Product	Scopely	added	IN - Bangalore, India	2026-05-21
https://job-boards.greenhouse.io/scopely/jobs/5191999008	2026-05-27	greenhouse-api	Lead Product Manager - Star Trek Fleet Command	Scopely	added	IN - Bangalore, India	2026-05-21
https://job-boards.greenhouse.io/scopely/jobs/5180566008	2026-05-27	greenhouse-api	Product Manager Performance - Star Trek Fleet Command 	Scopely	added	IN - Bangalore, India	2026-05-21
https://job-boards.greenhouse.io/scopely/jobs/5205958008	2026-05-27	greenhouse-api	Senior Product Manager, Performance	Scopely	added	IN - Bangalore, India	2026-05-21
https://job-boards.greenhouse.io/scopely/jobs/5204525008	2026-05-27	greenhouse-api	Senior Product Manager, Roadmap	Scopely	added	IN - Bangalore, India	2026-05-21
https://jobs.ashbyhq.com/altimate/bafa3310-7dbd-4761-a9c9-4e21c6634547	2026-05-27	ashby-api	Product Manager	Altimate AI	added	Bengaluru	2026-05-05
https://jobs.ashbyhq.com/metaforms/a3bcfe69-97fa-4e6e-99da-c2bd05058217	2026-05-27	ashby-api	Senior Product Manager	Metaforms	added	Bengaluru	2026-05-01
https://job-boards.greenhouse.io/onetrust/jobs/7825607	2026-05-27	greenhouse-api	Principal Product Manager	OneTrust	added	Bengaluru, India	2026-05-25
https://job-boards.greenhouse.io/winhomeinspection/jobs/4680488006	2026-05-27	greenhouse-api	Product Manager	WIN	added	Greater Delhi Area	2026-05-11
https://jobs.lever.co/fampay/fe282b22-d821-4f8b-94ac-12363ec802b2	2026-05-27	lever-api	Principal Product Manager	Fam	added	Bengaluru	2026-04-10
https://jobs.lever.co/fampay/10e190e6-a558-45d5-a83e-a2c10bb1a208	2026-05-27	lever-api	Product Manager	Fam	added	Bengaluru	2026-04-10
https://jobs.lever.co/fampay/bc1060ed-d15a-4f62-a560-856cc344201e	2026-05-27	lever-api	Senior Product Manager	Fam	added	Bengaluru	2025-11-07
https://job-boards.greenhouse.io/arkoselabs/jobs/7684173003	2026-05-27	greenhouse-api	Senior Product Manager	Arkose Labs	added	Pune, India	2026-03-30
https://job-boards.greenhouse.io/oportun/jobs/4685270005	2026-05-27	greenhouse-api	Principal Product Manager (R13970)	Oportun	added	Remote - India	2026-04-22
https://job-boards.greenhouse.io/oportun/jobs/4695535005	2026-05-27	greenhouse-api	Principal Product Manager (R14014)	Oportun	added	Remote - US	2026-05-14
https://job-boards.greenhouse.io/oportun/jobs/4690516005	2026-05-27	greenhouse-api	Principal Product Manager, Savings (R13997)	Oportun	added	Remote - US	2026-05-04
https://jobs.ashbyhq.com/parspec/30e88ced-0dae-4e28-ac47-1ef70a523634	2026-05-27	ashby-api	Product Manager (AI/ML)	Parspec	added	Hybrid - Bangalore, India	2026-05-19
https://jobs.ashbyhq.com/kong/763acac3-58b2-4bf1-8b76-f4f4f830b9f1	2026-05-27	ashby-api	 Staff Product Manager - Observability	Kong	added	India-Bangalore	2026-01-16
https://jobs.ashbyhq.com/kong/333766f0-3ab7-4bc7-8355-4d80290b6d7d	2026-05-27	ashby-api	Senior Product Manager - Cloud Gateways	Kong	added	India-Karnataka	2026-03-04
https://jobs.ashbyhq.com/kong/27097c3b-b699-4e70-8da2-580e409d00a5	2026-05-27	ashby-api	Senior Product Manager - API	Kong	added	India-Karnataka	2026-03-11
https://jobs.ashbyhq.com/kong/2b21cf4e-43fe-4c1a-b4cc-3ee7144ec9c3	2026-05-27	ashby-api	Senior Staff Product Manager	Kong	added	Remote - Washington	2026-04-24
https://job-boards.greenhouse.io/axicorpfinancialservicesptyltd/jobs/5103297007	2026-05-27	greenhouse-api	Product Manager -Growth	Axi	added	Bengaluru, India	2026-05-07
https://job-boards.greenhouse.io/axicorpfinancialservicesptyltd/jobs/5103319007	2026-05-27	greenhouse-api	Product Manager - Partners	Axi	added	Bengaluru, India	2026-05-07
https://job-boards.greenhouse.io/axicorpfinancialservicesptyltd/jobs/5103298007	2026-05-27	greenhouse-api	Product Manager - Payments	Axi	added	Bengaluru, India	2026-05-07
https://job-boards.greenhouse.io/bluevineindia/jobs/7664312003	2026-05-27	greenhouse-api	Product Manager II	Bluevine	added	Bengaluru	2026-03-18
https://job-boards.greenhouse.io/bluevineindia/jobs/7738166003	2026-05-27	greenhouse-api	Product Manager II (Lending & Credit)	Bluevine	added	Bengaluru	2026-05-22
https://jobs.ashbyhq.com/tilthq/41fa51d1-29ab-4cf6-a6ce-45453973a48d	2026-05-27	ashby-api	Growth Product Manager, NIRA	Tilt	added	Hybrid - Bengaluru, India	2026-02-06
https://jobs.ashbyhq.com/tilthq/5bea273a-e950-4082-bde7-ea46131a613e	2026-05-27	ashby-api	Head of Product, US Core	Tilt	added	Remote - US	2026-05-04
https://boards.greenhouse.io/flexport/jobs/7779606?gh_jid=7779606	2026-05-27	greenhouse-api	Staff Product Manager	Flexport	added	Bangalore, India	2026-05-15
https://job-boards.greenhouse.io/bottomlinetechnologies/jobs/8503416002	2026-05-27	greenhouse-api	Senior Product Manager, AI & Data Science	Bottomline	added	India	2026-05-14
https://job-boards.greenhouse.io/inmobi/jobs/7912490	2026-05-27	greenhouse-api	Product Manager- ML Decision Systems (Demand Side Platform)	InMobi Advertising	added	Bengaluru	2026-05-25
https://job-boards.greenhouse.io/inmobi/jobs/7337428	2026-05-27	greenhouse-api	Senior Product Manager - Central Data Repository & Data Platform AI	InMobi Advertising	added	Bangalore	2026-05-25
https://job-boards.greenhouse.io/inmobi/jobs/7715011	2026-05-27	greenhouse-api	Senior Product Manager- ML Decision Systems (Demand Side Platform)	InMobi Advertising	added	Bengaluru	2026-05-25
https://job-boards.greenhouse.io/inmobi/jobs/7840513	2026-05-27	greenhouse-api	Senior Product Manager — User Store & AI Intelligence Platform	InMobi Advertising	added	Bangalore	2026-05-25
https://jobs.ashbyhq.com/libra/f267e673-e06d-4025-bf65-9bb84881ffda	2026-05-27	ashby-api	Associate Product Manager (AI)	Libra AI	added	Bengaluru	2026-03-11
https://jobs.ashbyhq.com/libra/2c3bbd9d-7d53-41cb-a5f3-a284ad2f2b80	2026-05-27	ashby-api	AI PM	Libra AI	added	Bengaluru	2026-05-03
https://jobs.ashbyhq.com/lgads/2aa225f0-5b7f-46ce-bb47-917323b22051	2026-05-27	ashby-api	Product Manager	LG Ad Solutions	added	Bangalore, India	2026-05-12
https://jobs.ashbyhq.com/harvey/7b468987-7236-4239-9e56-6eb7f92b4531	2026-05-27	ashby-api	Staff Product Manager, Knowledge Platform	Harvey	added	Bengaluru	2026-03-31
https://jobs.ashbyhq.com/harvey/ae305f26-bbe0-4db1-a816-b912503ad6b4	2026-05-27	ashby-api	Group Product Manager, Knowledge Platform	Harvey	added	Bengaluru	2026-05-18
https://jobs.lever.co/netomi/71934132-49f9-4553-9870-e70f77ec9819	2026-05-27	lever-api	Senior Product Manager	Netomi	added	Gurugram	2026-03-23
https://jobs.lever.co/netomi/c83a8721-a18f-4e31-93b6-057b97d21e38	2026-05-27	lever-api	Senior Product Manager - Autonomous Agents	Netomi	added	Gurugram	2026-03-06
https://jobs.lever.co/jumpcloud/a2cf9d8e-5dcd-4eef-9f5e-e7bc678b6306	2026-05-27	lever-api	Senior Product Manager, Identity - United States	JumpCloud®	added	Atlanta, GA - Remote	2026-04-27
https://jobs.lever.co/jumpcloud/769b4e02-ca3b-4dfc-8033-5bd2f16d46c0	2026-05-27	lever-api	Staff Product Manager, SSO - India	JumpCloud®	added	Bangalore, India - Remote	2026-04-15
https://job-boards.greenhouse.io/globalizationpartners/jobs/7704202003	2026-05-27	greenhouse-api	Principal Product Manager	Globalization Partners	added	India (Remote-First)	2026-05-05
https://jobs.ashbyhq.com/glomo/3f8da300-417d-4e1a-a3ce-06185d2afc4a	2026-05-27	ashby-api	Product Manager	Glomopay	added	Bengaluru HQ	2026-04-27
https://job-boards.greenhouse.io/tellius/jobs/5059200007	2026-05-27	greenhouse-api	Product Manager — Agentic Analytics	Tellius	added	Bengaluru, Karnataka, India	2026-02-23
https://job-boards.greenhouse.io/fourkites/jobs/7730430	2026-05-27	greenhouse-api	Product Manager, Customer Experience	FourKites	added	Chennai or Remote, India	2026-04-17
https://boards.greenhouse.io/easyship/jobs/4625787006?gh_jid=4625787006	2026-05-27	greenhouse-api	API Product Manager	Easyship	added	Bangalore	2026-03-31
https://boards.greenhouse.io/easyship/jobs/4652877006?gh_jid=4652877006	2026-05-27	greenhouse-api	Product Manager	Easyship	added	Bangalore	2026-03-31
https://job-boards.greenhouse.io/coherehealth/jobs/7655330003	2026-05-27	greenhouse-api	Manager, Product Management	Cohere Health	added	Hyderabad, Telangana, India	2026-05-07
https://boards.greenhouse.io/modulrfinance/jobs/8551336002?gh_jid=8551336002	2026-05-27	greenhouse-api	Senior Product Manager- Cards	Modulr	added	Pune	2026-05-15
https://job-boards.greenhouse.io/celonis/jobs/7687708003?gh_jid=7687708003	2026-05-27	greenhouse-api	Senior Product Manager - Extractors (Data Integration)	Celonis	added	Bangalore, India	2026-04-20
https://job-boards.greenhouse.io/zscaler/jobs/5123497007	2026-05-27	greenhouse-api	Principal Product Manager	Zscaler	added	Bangalore, IND	2026-05-26
https://job-boards.greenhouse.io/zscaler/jobs/5122174007	2026-05-27	greenhouse-api	Senior Product Manager	Zscaler	added	Bangalore, IND; Bangalore, IND	2026-05-26
https://job-boards.greenhouse.io/zscaler/jobs/5122176007	2026-05-27	greenhouse-api	Staff Product Manager - DLP	Zscaler	added	Bangalore, IND	2026-05-26
https://job-boards.greenhouse.io/ocrolusinc/jobs/5981559004	2026-05-27	greenhouse-api	Director of Product - Platform	Ocrolus	added	Remote - US	2026-05-18
https://job-boards.greenhouse.io/interviewkickstart/jobs/4016901009	2026-05-27	greenhouse-api	Associate Product Manager	Interview Kickstart	added	Remote	2026-01-07
https://jobs.lever.co/gushwork/c03a9615-f124-424c-8bbd-90d209a68f3d	2026-05-27	lever-api	Product Manager	Gushwork	added	Bengaluru	2026-02-07
https://job-boards.greenhouse.io/narvar/jobs/7740105	2026-05-27	greenhouse-api	Principal Product Manager	Narvar	added	Remote - Canada	2026-04-20
https://job-boards.greenhouse.io/narvar/jobs/7341879	2026-05-27	greenhouse-api	Senior Product Manager, Merchant Experiences	Narvar	added	Remote - Canada	2026-04-16
https://job-boards.greenhouse.io/ethoslife/jobs/8561485002	2026-05-27	greenhouse-api	Director of Product, Conversational AI	Ethos	added	Remote US	2026-05-26
https://job-boards.greenhouse.io/ethoslife/jobs/8241191002	2026-05-27	greenhouse-api	Director of Product Design	Ethos	added	Bangalore, India	2026-04-23
https://job-boards.greenhouse.io/ethoslife/jobs/8517398002	2026-05-27	greenhouse-api	Senior Product Manager, Life Insurance Products 	Ethos	added	Remote US	2026-04-23
https://job-boards.greenhouse.io/ethoslife/jobs/8462414002	2026-05-27	greenhouse-api	Staff / Principal Product Manager	Ethos	added	Remote US	2026-05-07
https://jobs.lever.co/dreamsports/010cbbdb-7a1a-4ab9-b772-ce9ecffbe435	2026-05-27	lever-api	Product Manager - Subscriptions	DreamMoney	added	Mumbai	2025-10-15
https://jobs.lever.co/dreamsports/c6060e2d-509f-4c61-8ae2-d3c455076a23	2026-05-27	lever-api	Sr. Product Manager	DreamMoney	added	Mumbai	2026-02-27
https://api.smartrecruiters.com/v1/companies/TheNielsenCompany/postings/3743990013284255	2026-05-27	smartrecruiters-api	Senior Product Manager 1	Nielsen	added	Gurgaon, in	2026-05-25
https://api.smartrecruiters.com/v1/companies/TheNielsenCompany/postings/3743990012747456	2026-05-27	smartrecruiters-api	Senior Director, Product Management	Nielsen	added	Bengaluru, in	2026-04-21
https://api.smartrecruiters.com/v1/companies/TheNielsenCompany/postings/3743990012747416	2026-05-27	smartrecruiters-api	Senior Product Manager II	Nielsen	added	Bengaluru, in	2026-04-21
https://apply.workable.com/j/1EDC006258	2026-05-27	workable-api	Senior Product Manager - Growth/Shared Services & Payments	Ajaib	added	Bengaluru, India	2025-03-10
https://jobs.lever.co/keyloop/eb6625ac-8107-4ca8-be97-1cb46c8c7503	2026-05-27	lever-api	Product Manager	Keyloop	added	India (Hyderabad)	2026-05-07
https://apply.workable.com/j/48228D44EA	2026-05-27	workable-api	Product Management roles Portfolio (Bengaluru)	Elevation Capital (Portfolio)	added	India	2022-07-27
https://apply.workable.com/j/A0E02D93C7	2026-05-27	workable-api	Product Management roles Portfolio (Gurugram)	Elevation Capital (Portfolio)	added	Gurugram, India	2026-01-23
https://apply.workable.com/j/C470098040	2026-05-27	workable-api	Product Management roles Portfolio (Mumbai)	Elevation Capital (Portfolio)	added	India	2026-04-08
https://api.smartrecruiters.com/v1/companies/Kredx/postings/744000128394692	2026-05-27	smartrecruiters-api	Product Manager 	KredX	added	Bengaluru, in	2026-05-26
https://zageno.bamboohr.com/careers/77	2026-05-27	bamboohr-api	Senior Product Manager - Customer Experience	ZAGENO	added	Bangalore, Karnataka	
https://apply.workable.com/j/1675E98091	2026-05-27	workable-api	Senior AI Product Manager	Accellor	added	Bengaluru, India	2026-04-14
https://malbek.bamboohr.com/careers/83	2026-05-27	bamboohr-api	Product Manager	Malbek	added	Ahmedabad, Gujarat	
https://jobs.lever.co/saviynt/6de983d8-8bcf-4765-ac9f-796e566ab47b	2026-05-27	lever-api	Senior Product Manager	Saviynt	added	Bengaluru	2026-04-07
https://jobs.lever.co/saviynt/38105965-8093-440e-acd7-1e1e334758cf	2026-05-27	lever-api	Staff Product Manager (Identity Security - Posture Management)	Saviynt	added	Bengaluru	2026-04-20
https://jobs.lever.co/saviynt/4dad59e3-f3a1-44f8-a4d8-3cc06f32ae41	2026-05-27	lever-api	Staff Product Manager (Integration Platform)	Saviynt	added	Bengaluru	2025-11-11
https://pubmatic.com/job/?gh_jid=5230481008	2026-05-27	greenhouse-api	Senior Product Manager, Mobile & RTB	PubMatic	added	Pune, IN	2026-05-27
https://job-boards.greenhouse.io/winhomeinspection/jobs/4265945006	2026-05-27	greenhouse-api	Product Manager	WIN	added	Greater Delhi Area	2025-06-10
https://job-boards.greenhouse.io/atomicwork/jobs/4186148008	2026-05-27	greenhouse-api	Product Manager - Platform	Atomicwork	added	Bengaluru, Karnataka	2026-01-26
https://jobs.lever.co/tala/b7a85979-0803-4fe1-be0e-7e4dc68902e9	2026-05-27	lever-api	VP Product - Lending & Retention	Tala	added	Remote-US	2025-10-14
https://job-boards.greenhouse.io/anchanto/jobs/7683610003	2026-05-27	greenhouse-api	Product Manager - Integrations	Anchanto	added	Pune, India	2026-04-10
https://job-boards.greenhouse.io/anchanto/jobs/7694543003	2026-05-27	greenhouse-api	Product Manager (OMS)	Anchanto	added	Pune, India	2026-05-19
https://job-boards.greenhouse.io/anchanto/jobs/7684921003	2026-05-27	greenhouse-api	Product Manager (WMS)	Anchanto	added	Pune, India	2026-04-10
https://job-boards.greenhouse.io/celigo/jobs/7585390	2026-05-27	greenhouse-api	Lead Product Manager	Celigo	added	Hyderabad, India	2026-05-25
http://www.cialfo.co/careers?gh_jid=5592808004	2026-05-27	greenhouse-api	Senior Product Manager	Cialfo	added	Delhi, India	2026-05-20
https://job-boards.greenhouse.io/cloudsek/jobs/5849822004	2026-05-27	greenhouse-api	Senior Product Manager – CloudSEK Platform	CloudSEK	added	Bengaluru, Karnataka, India	2026-05-26
https://jobs.lever.co/musixmatch/65971c0d-8220-47eb-a993-9705dc814c92	2026-05-27	lever-api	Product Manager, AI & Content Operations	Musixmatch	added	Bologna or Remote	2026-05-22
https://www.digicert.com/careers/?gh_jid=8518551002	2026-05-27	greenhouse-api	Principal Product Manager, API Platform	Digicert	added	Bangalore, India	2026-05-21
https://www.digicert.com/careers/?gh_jid=8297589002	2026-05-27	greenhouse-api	Product Manager	Digicert	added	Bangalore, India	2026-05-21
https://www.digicert.com/careers/?gh_jid=8518913002	2026-05-27	greenhouse-api	Senior Product Manager, Platform Common Services	Digicert	added	Bangalore, India	2026-05-21
https://careers.duolingo.com/jobs/8405083002?gh_jid=8405083002	2026-05-27	greenhouse-api	Group Product Manager	Duolingo	added	Bangalore, India	2026-04-27
https://www.five9.com/about/careers/job-detail?gh_jid=5805673004	2026-05-27	greenhouse-api	Apprentice- Product Management	Five9	added	India, Bengaluru	2026-04-21
https://www.five9.com/about/careers/job-detail?gh_jid=5991080004	2026-05-27	greenhouse-api	Principal Product Manager, Google Gemini Enterprise for Customer Experience (GECX) 	Five9	added	United States (Remote)	2026-05-07
https://www.five9.com/about/careers/job-detail?gh_jid=5811077004	2026-05-27	greenhouse-api	Product Management Director – Outbound Contact Center Solutions	Five9	added	United States (Remote)	2026-04-14
https://www.five9.com/about/careers/job-detail?gh_jid=5994976004	2026-05-27	greenhouse-api	Senior Product Manager, AI Innovations - Agent Assist	Five9	added	United States (Remote)	2026-05-12
https://www.five9.com/about/careers/job-detail?gh_jid=5999690004	2026-05-27	greenhouse-api	Sr Product Manager - AI Innovations | India	Five9	added	India, Bengaluru (Hybrid)	2026-05-19
https://careers.godaddy/jobs?gh_jid=7674581003	2026-05-27	greenhouse-api	Principal Product Manager, Payments Terminal Management	GoDaddy	added	India	2026-05-21
https://job-boards.greenhouse.io/commvault/jobs/5118723008	2026-05-27	greenhouse-api	Principal Product Manager, Security	Commvault	added	Bangalore, India	2026-05-18
https://jobs.ashbyhq.com/inflectionio/be4c7eb2-4318-4240-8312-75ef771eb3b5	2026-05-27	ashby-api	Senior Product Manager	Inflection.io	added	Bengaluru	2026-02-18
https://jobs.ashbyhq.com/loopio/3e3c1d33-7ccc-4629-b561-a3a400c58403	2026-05-27	ashby-api	Lead Product Manager 	Loopio	added	Ahmedabad, Gujarat	2026-02-12
https://jobs.solarwinds.com/job-detail/?gh_jid=4580777005&gh_jid=4580777005	2026-05-27	greenhouse-api	Senior Product Manager	SolarWinds	added	Bangalore, India	2026-05-26
https://job-boards.greenhouse.io/sonicwall/jobs/7908691	2026-05-27	greenhouse-api	Product Manager - Firewall or Hardware experience is a must	SonicWall	added	Bengaluru, Karnataka, India	2026-05-26
https://job-boards.greenhouse.io/sonicwall/jobs/7947458	2026-05-27	greenhouse-api	Senior Product Manager – ZTNA or VPN experience is required	SonicWall	added	Bengaluru, Karnataka, India	2026-05-20
https://www.weareroku.com/jobs/7270779?gh_jid=7270779	2026-05-27	greenhouse-api	Senior Product Manager - RPay 	Roku	added	Bengaluru, India	2026-05-26
https://careers.toasttab.com/jobs?gh_jid=7861742	2026-05-27	greenhouse-api	Director of Product Management, New Ventures	Toast	added	Bengaluru, Karnataka, India	2026-05-25
https://careers.toasttab.com/jobs?gh_jid=7733118	2026-05-27	greenhouse-api	Principal Product Manager, Configuration Platform 	Toast	added	Remote, US 	2026-05-11
https://careers.toasttab.com/jobs?gh_jid=7716093	2026-05-27	greenhouse-api	Principal Product Manager, Voice AI	Toast	added	Remote US	2026-04-06
https://careers.toasttab.com/jobs?gh_jid=7904877	2026-05-27	greenhouse-api	Senior Director of Product, Payments Acceptance	Toast	added	Remote, United States	2026-05-13
https://careers.toasttab.com/jobs?gh_jid=7786312	2026-05-27	greenhouse-api	Senior Product Manager	Toast	added	Remote, US	2026-04-22
https://careers.toasttab.com/jobs?gh_jid=7746964	2026-05-27	greenhouse-api	Senior Product Manager, Consumer Payments 	Toast	added	Remote, US 	2026-04-01
https://careers.toasttab.com/jobs?gh_jid=7773711	2026-05-27	greenhouse-api	Senior Product Manager, GTM	Toast	added	Remote, US	2026-05-20
https://careers.toasttab.com/jobs?gh_jid=7523485	2026-05-27	greenhouse-api	Senior Product Manager, Hardware	Toast	added	Remote, USA 	2026-05-15
https://careers.toasttab.com/jobs?gh_jid=7895515	2026-05-27	greenhouse-api	Senior Product Manager, Payroll Onboarding	Toast	added	Remote, USA	2026-05-08
https://careers.toasttab.com/jobs?gh_jid=7776222	2026-05-27	greenhouse-api	Senior Product Manager, Revenue Systems	Toast	added	Remote, US	2026-04-08
https://www.zoominfo.com/careers?gh_jid=8477058002	2026-05-27	greenhouse-api	Senior Product Manager - Identity	ZoomInfo	added	Bethesda, Maryland, United States; Remote; Vancouver, Washington, United States; Waltham, Massachusetts, United States	2026-04-21
https://jobs.ashbyhq.com/opengov/7719c97c-0e2b-49dc-a0e6-dfd049eb2e80	2026-05-27	ashby-api	Principal Product Manager 	OpenGov	added	India | Pune	2026-02-26
https://jobs.ashbyhq.com/snowflake/82dd2965-3860-4c43-aced-64c7515fda9f	2026-05-27	ashby-api	Staff Enterprise Product Manager, Order Management	Snowflake	added	IN-Pune	2026-04-24
https://jobs.lever.co/sitetracker/f5aa2879-f79d-4ad1-ae05-e4f198d661ca	2026-05-27	lever-api	Product Manager	Sitetracker	added	Bangalore	2026-02-25
https://jobs.lever.co/saviynt/a431e2af-efd0-4912-b64e-446ec9dae821	2026-05-27	lever-api	Staff Product Manager (Identity Security - Posture Management)	Saviynt	added	Bengaluru	2026-04-14
https://www.five9.com/about/careers/job-detail?gh_jid=5805677004	2026-05-27	greenhouse-api	Apprentice- Product Management	Five9	added	India, Chennai	2026-04-14
https://careers.toasttab.com/jobs?gh_jid=7883254	2026-05-27	greenhouse-api	Senior Product Manager	Toast	added	Bengaluru, Karnataka, India	2026-05-27
https://jobs.ashbyhq.com/certifyos/9c5344da-2e90-4815-ae84-b85bdf596e4f	2026-05-27	ashby-api	Director of Product Management, Applications & Applied AI	CertifyOS	added	Remote US	2026-04-10
https://jobs.ashbyhq.com/certifyos/b84b7e4b-1fd7-45b3-88e1-c88a0aa5880a	2026-05-27	ashby-api	Senior Product Manager, Credentialing	CertifyOS	added	Remote US	2026-04-15
https://jobs.ashbyhq.com/certifyos/360301a0-d94d-4cd9-9672-1fdc2b69a6a4	2026-05-27	ashby-api	Sr. Technical Product Manager - Shared Services	CertifyOS	added	Bengaluru, India	2026-05-26
https://www.coupang.jobs/en/jobs/?gh_jid=7952651	2026-05-27	greenhouse-api	Senior Product Manager	Coupang	added	Bengaluru	2026-05-26
https://jobs.lever.co/jobgether/512344aa-806c-47ed-9a0e-1000cde0e460	2026-05-27	lever-api	Lead Product Manager	Jobgether	added	India	2026-05-27
https://job-boards.greenhouse.io/gitlab/jobs/8564957002	2026-05-28	greenhouse-api	Principal Product Manager, AI Custom Models	GitLab	added	Remote, Canada; Remote, US	2026-05-27
https://jobs.lever.co/jobgether/f9715adf-0811-40f9-a06d-c95327220244	2026-05-28	lever-api	Product Owner, Data Analytics	Jobgether	added	India	2026-05-27
https://sprinklr.wd1.myworkdayjobs.com/careers/job/India---Haryana---Gurgaon/Senior-Product-Analyst_112720-JOB	2026-05-28	workday-api	Associate Product Manager	Sprinklr	added	India - Haryana - Gurgaon	
https://fractal.wd1.myworkdayjobs.com/Careers/job/Bengaluru/Principal-Product-Manager_SR-38815	2026-05-28	workday-api	Principal Product Manager	Fractal Analytics	added	Bengaluru	
https://zendesk.wd1.myworkdayjobs.com/Zendesk/job/Pune-India/Senior-Product-Manager_R33982	2026-05-28	workday-api	Senior Product Manager	Zendesk	added	Pune, India	
https://zendesk.wd1.myworkdayjobs.com/Zendesk/job/Pune-India/Technical-Product-Manager_R33924	2026-05-28	workday-api	Technical Product Manager	Zendesk	added	Pune, India	
https://adobe.wd5.myworkdayjobs.com/external_experienced/job/Noida/Senior-Product-Manager_R167217-1	2026-05-28	workday-api	Senior Product Manager	Adobe	added	Noida	
https://adobe.wd5.myworkdayjobs.com/external_experienced/job/Noida/Compliance-Product-Owner_R168196	2026-05-28	workday-api	Compliance Product Owner	Adobe	added	Noida	
https://adobe.wd5.myworkdayjobs.com/external_experienced/job/Noida/Product-Manager-4_R167169-1	2026-05-28	workday-api	Product Manager 4	Adobe	added	Noida	
https://adobe.wd5.myworkdayjobs.com/external_experienced/job/Noida/Principal-Product-Manager_R166753-1	2026-05-28	workday-api	Principal Product Manager	Adobe	added	Noida	
https://adobe.wd5.myworkdayjobs.com/external_experienced/job/Noida/Senior-Product-Manager_R168580	2026-05-28	workday-api	Senior Product Manager (Data Platform)	Adobe	added	Noida	
https://adobe.wd5.myworkdayjobs.com/external_experienced/job/Noida/Senior-Product-Manager--RTCDP-_R169205	2026-05-28	workday-api	Senior Product Manager (RTCDP)	Adobe	added	Noida	
https://adobe.wd5.myworkdayjobs.com/external_experienced/job/Noida/Member-of-Technical-Staff---II_R168002	2026-05-28	workday-api	Senior Product Manager (Gen AI - Illustrator)	Adobe	added	Noida	
https://adobe.wd5.myworkdayjobs.com/external_experienced/job/Noida/Member-of-Technical-Staff---II_R168277	2026-05-28	workday-api	Senior Product Manager (Agentic AI - Illustrator)	Adobe	added	Noida	
https://salesforce.wd12.myworkdayjobs.com/External_Career_Site/job/India---Hyderabad/Sr-Product-Manager--Vertex-Tax-_JR338309	2026-05-28	workday-api	Sr. Product Manager (Vertex Tax)	Salesforce	added	India - Hyderabad	
https://sprinklr.wd1.myworkdayjobs.com/careers/job/India---Haryana---Gurgaon/Associate-Product-Manager_112902-JOB	2026-05-28	workday-api	Associate Product Manager	Sprinklr	added	India - Haryana - Gurgaon	
https://adobe.wd5.myworkdayjobs.com/external_experienced/job/Noida/Senior-Product-Manager_R162389	2026-05-28	workday-api	Senior Product Manager	Adobe	added	Noida	
https://job-boards.greenhouse.io/jazzx-ai/jobs/5121440008	2026-05-28	greenhouse-api	Technical Product Manager - Innovation	JazzX AI	added	Bangalore	2026-05-16
https://job-boards.greenhouse.io/karya/jobs/5205891008	2026-05-28	greenhouse-api	Associate Product Manager	Karya	added	Bangalore Office	2026-05-04
https://bharatpe.freshteam.com/jobs/9koNnmsKyX9i/product-manager	2026-05-28	freshteam-api	Product Manager	BharatPe	added	Delhi Full Time	
https://drinkprime.freshteam.com/jobs/r6RT_H-61bLx/senior-product-manager	2026-05-28	freshteam-api	Senior Product Manager	DrinkPrime	added	Bengaluru, Karnataka Full Time	
https://apply.workable.com/j/F7FF51014B	2026-05-28	workable-api	Product Manager / Associate Product Manager(A)	Lokal App	added	bangalore, India	2026-05-16
https://apply.workable.com/j/A44F216006	2026-05-28	workable-api	Product Manager I/II ( Astro )	Lokal App	added	Bengaluru, India	2026-05-18
https://apply.workable.com/j/5702543039	2026-05-28	workable-api	Product Manager, Advertising Capture and Enrichment	MediaRadar	added	India	2026-05-21
https://gonoise.freshteam.com/jobs/zAYU3CkZoRK5/product-manager-5-years-and-tier-1	2026-05-28	freshteam-api	Product Manager (5+ years and Tier 1)	boAt / GoNoise	added	Gurgaon Full Time	
https://gonoise.freshteam.com/jobs/ex-Lv_lQfCXA/product-manager-b2c	2026-05-28	freshteam-api	Product Manager - B2C	boAt / GoNoise	added	Gurugram, Haryana Full Time	
https://apply.workable.com/j/F6BDED296D	2026-05-28	workable-api	Product Manager- App & Web Products	2070Health	added	Bengaluru, India	2026-05-12
https://apply.workable.com/j/D3C4D747F9	2026-05-28	workable-api	Technical Product Manager	2070Health	added	Bengaluru, India	2026-05-04
https://apply.workable.com/j/E1D7204067	2026-05-28	workable-api	Technical Product Manager	2070Health	added	Bengaluru, India	2026-05-11
https://sabre.wd1.myworkdayjobs.com/SabreJobs/job/Bengaluru-Karnataka-India/Principal-Product-Manager---Offer-Optimization_JR108024	2026-05-28	workday-api	Principal Product Manager - Offer Optimization	Sabre	added	Bengaluru, Karnataka, India	
https://sabre.wd1.myworkdayjobs.com/SabreJobs/job/Bengaluru-Karnataka-India/Senior-Product-Manager---Data---AI-Governance_JR108048	2026-05-28	workday-api	Senior Product Manager - Data & AI Governance	Sabre	added	Bengaluru, Karnataka, India	2026-05-26
https://sabre.wd1.myworkdayjobs.com/SabreJobs/job/Bengaluru-Karnataka-India/Product-Manager---Distribution-Data-Insights_JR108047	2026-05-28	workday-api	Product Manager - Distribution Data Insights	Sabre	added	Bengaluru, Karnataka, India	2026-05-26
https://sabre.wd1.myworkdayjobs.com/SabreJobs/job/Bengaluru-Karnataka-India/Lead-Product-Manager_JR107962	2026-05-28	workday-api	Lead Product Manager	Sabre	added	Bengaluru, Karnataka, India	2026-05-23
https://sabre.wd1.myworkdayjobs.com/SabreJobs/job/Bengaluru-Karnataka-India/Principal-Product-Manager-Data---Analytics-Platform-and-Governance_JR107434	2026-05-28	workday-api	Principal Product Manager - Agentic AI Platform	Sabre	added	Bengaluru, Karnataka, India	2026-05-23
https://sabre.wd1.myworkdayjobs.com/SabreJobs/job/Bengaluru-Karnataka-India/Principal-Product-Manager_JR107784-1	2026-05-28	workday-api	Principal Product Manager	Sabre	added	Bengaluru, Karnataka, India	2026-05-12
https://sabre.wd1.myworkdayjobs.com/SabreJobs/job/Bengaluru-Karnataka-India/Director--Product-Management---Lodging--Ground---Sea--LGS-_JR107934	2026-05-28	workday-api	Director, Product Management – Lodging, Ground & Sea (LGS)	Sabre	added	Bengaluru, Karnataka, India	2026-05-08
https://sabre.wd1.myworkdayjobs.com/SabreJobs/job/Bengaluru-Karnataka-India/Principal-Product-Manager_JR107413	2026-05-28	workday-api	Principal Product Manager - Media	Sabre	added	Bengaluru, Karnataka, India	2026-05-07
https://sabre.wd1.myworkdayjobs.com/SabreJobs/job/Bengaluru-Karnataka-India/Senior-Product-Manager_JR107414-1	2026-05-28	workday-api	Senior Product Manager - Media	Sabre	added	Bengaluru, Karnataka, India	2026-05-07
https://sabre.wd1.myworkdayjobs.com/SabreJobs/job/Bengaluru-Karnataka-India/Principal-Product-Manager_JR107651-1	2026-05-28	workday-api	Principal Product Manager – Dynamic Pricing	Sabre	added	Bengaluru, Karnataka, India	2026-05-05
https://sabre.wd1.myworkdayjobs.com/SabreJobs/job/Bengaluru-Karnataka-India/Principal-Product-Manager_JR107532	2026-05-28	workday-api	Lead Product Manager – Reservations	Sabre	added	Bengaluru, Karnataka, India	2026-05-05
https://jobs.lever.co/jobgether/05bd5a72-7fd3-4282-bd97-b9f859424cce	2026-05-28	lever-api	Senior Product Manager, AI	Jobgether	added	India	2026-05-28
https://job-boards.greenhouse.io/twilio/jobs/7963691	2026-05-28	greenhouse-api	Product Management, L2	Twilio	added	Remote - US	2026-05-28
https://job-boards.greenhouse.io/twilio/jobs/7963689	2026-05-28	greenhouse-api	Product Manager, L2	Twilio	added	Remote - US	2026-05-28
https://jobs.lever.co/keyloop/a8e6d6dd-cd70-4a7e-9f93-fe4c4de8a7b1	2026-05-28	lever-api	Senior Product Owner	Keyloop	added	India (Hyderabad)	2026-05-28
https://careers.godaddy/jobs?gh_jid=7689507003	2026-05-28	greenhouse-api	Senior Product Manager — AI Native	GoDaddy	added	India	2026-05-28
https://careers.toasttab.com/jobs?gh_jid=7423665	2026-05-28	greenhouse-api	Senior Product Manager, Core Payments	Toast	added	Remote, USA	2026-05-28
https://job-boards.greenhouse.io/tekion/jobs/7748431003	2026-05-29	greenhouse-api	Senior Product Manager	Tekion Corp	added	Bengaluru, Karnataka, India	2026-05-29
https://job-boards.eu.greenhouse.io/valtech/jobs/4876453101	2026-05-29	greenhouse-api	Product owner - Data & AI	Valtech	added	Bengaluru	2026-05-29
https://salesforce.wd12.myworkdayjobs.com/External_Career_Site/job/India---Bangalore/Senior-Product-Manager_JR342308	2026-05-29	workday-api	Senior Product Manager	Salesforce	added	India - Bangalore	2026-05-29
https://jobs.ashbyhq.com/hinge-health/73e6bba2-873b-49fc-ac63-92f67e62c09d	2026-05-29	ashby-api	Product Manager	Hinge Health	added	Bengaluru-HQ	2026-05-29
https://job-boards.eu.greenhouse.io/valtech/jobs/4878636101	2026-05-29	greenhouse-api	Product Owner	Valtech	added	United States - Remote	2026-05-29
https://api.smartrecruiters.com/v1/companies/TheNielsenCompany/postings/3743990013369044	2026-05-29	smartrecruiters-api	Senior Product Manager II	Nielsen	added	Bengaluru, in	2026-05-29
https://salesforce.wd12.myworkdayjobs.com/External_Career_Site/job/India---Hyderabad/Senior-Product-Manager---Customer-Health-Platform_JR342995	2026-05-29	workday-api	Senior Product Manager - Customer Health Platform	Salesforce	added	India - Hyderabad	2026-05-29
https://www.linkedin.com/jobs/view/4422049669	2026-05-29	linkedin-api	Digital Product Owner	hackajob	added	Pune Division, Maharashtra, India
https://www.linkedin.com/jobs/view/4421253132	2026-05-29	linkedin-api	Senior Technical Product Manager	Optum India	added	Noida, Uttar Pradesh, India
https://www.linkedin.com/jobs/view/4421239142	2026-05-29	linkedin-api	Associate Director, Financial Sharing Area(FSA) Product Owner	MSD	added	Hyderabad, Telangana, India
https://www.linkedin.com/jobs/view/4421232839	2026-05-29	linkedin-api	Technical Product Manager	Optum India	added	Pune Division, Maharashtra, India
https://job-boards.greenhouse.io/sumologic/jobs/7927075	2026-05-29	greenhouse-api	Senior Product Manager I	Sumo Logic	added	Bangalore, Karnataka, India
https://job-boards.eu.greenhouse.io/valtech/jobs/4799830101	2026-05-29	greenhouse-api	Product Owner	Valtech	added	Canada - Remote
https://jobs.lever.co/kobie/ae307bae-dd2b-4873-99b4-66373dc349a5	2026-05-29	lever-api	Product Owner	Kobie	added	Bengaluru, Karnataka
https://job-boards.greenhouse.io/arcanaanalytics/jobs/4005209009	2026-05-29	greenhouse-api	Lead Product Manager	Arcana	added	Bangalore
https://job-boards.greenhouse.io/ethoslife/jobs/8567760002	2026-05-29	greenhouse-api	Director, Product Management	Ethos	added	Remote US
https://api.smartrecruiters.com/v1/companies/TheNielsenCompany/postings/3743990013368701	2026-05-29	smartrecruiters-api	Senior Product Manager II	Nielsen	added	Bengaluru, in
https://sprinklr.wd1.myworkdayjobs.com/careers/job/India---Haryana---Gurgaon/Senior-Product-Manager_111399-JOB	2026-05-29	workday-api	Senior Product Manager	Sprinklr	added	India - Haryana - Gurgaon
https://www.zoominfo.com/careers?gh_jid=8525092002	2026-05-29	greenhouse-api	Product Manager III	ZoomInfo	added	Bengaluru, Karnataka, India
https://ebay.wd5.myworkdayjobs.com/apply/job/Remote-Georgia/Sr-Product-Manager--Caramel_R0074296	2026-05-29	workday-api	Sr. Product Manager, Caramel	eBay	added	Remote Georgia	2026-05-27
https://ebay.wd5.myworkdayjobs.com/apply/job/Bengaluru-India/Product-Manager---Assisted-Service_R0074176	2026-05-29	workday-api	Product Manager - Assisted Service	eBay	added	Bengaluru, India	2026-05-22
https://ebay.wd5.myworkdayjobs.com/apply/job/Bengaluru-India/Product-Manager---Tax-Platform_R0072974	2026-05-29	workday-api	Product Manager – Tax Platform	eBay	added	Bengaluru, India	2026-05-19
https://ebay.wd5.myworkdayjobs.com/apply/job/Bengaluru-India/Group-Product-Manager--Product-Knowledge_R0069759	2026-05-29	workday-api	Group Product Manager, Product Knowledge	eBay	added	Bengaluru, India	2026-05-18
https://ebay.wd5.myworkdayjobs.com/apply/job/Bengaluru-India/Senior-Product-Manager_R0074236	2026-05-29	workday-api	Senior Product Manager	eBay	added	Bengaluru, India	2026-05-07
https://ebay.wd5.myworkdayjobs.com/apply/job/Bengaluru-India/Sr-Product-Manager---Seller-Payments_R0073729	2026-05-29	workday-api	Sr Product Manager - Seller Payments	eBay	added	Bengaluru, India	2026-05-07
https://ebay.wd5.myworkdayjobs.com/apply/job/Bengaluru-India/Senior-Product-Manager---Mobile_R0073659-1	2026-05-29	workday-api	Senior Product Manager - Mobile	eBay	added	Bengaluru, India	2026-05-07
https://ebay.wd5.myworkdayjobs.com/apply/job/Bengaluru-India/Sr-Product-Manager---Payments-Platform_R0074312	2026-05-29	workday-api	Sr. Product Manager - Payments Platform	eBay	added	Bengaluru, India	2026-05-07
https://ebay.wd5.myworkdayjobs.com/apply/job/Bengaluru-India/Sr-Product-Manager_R0073737	2026-05-29	workday-api	Sr Product Manager	eBay	added	Bengaluru, India	2026-05-07
